epoch,loss,lr,val_loss
0,197.04278564453125,0.001,147.63992309570312
1,196.85452270507812,0.001,147.45175170898438
2,196.62420654296875,0.001,147.08737182617188
3,196.23660278320312,0.001,146.69285583496094
4,195.81707763671875,0.001,146.29067993164062
