epoch,loss,lr,val_loss
0,195.58087158203125,0.001,145.85594177246094
1,195.01683044433594,0.001,145.3279571533203
2,194.42498779296875,0.001,144.79156494140625
3,193.81321716308594,0.001,144.26385498046875
4,193.19505310058594,0.001,143.7000732421875
